{"initial_reset_timestamp": 1559660508.8129618, "timestamps": [1559660511.8076017, 1559660513.8412597, 1559660515.8908148, 1559660518.6067371, 1559660520.656034, 1559660522.6723883, 1559660524.7228851, 1559660526.7887223, 1559660528.8755832, 1559660530.991595], "episode_lengths": [163, 117, 118, 158, 118, 117, 117, 119, 120, 121], "episode_rewards": [-163.0, -117.0, -118.0, -158.0, -118.0, -117.0, -117.0, -119.0, -120.0, -121.0], "episode_types": ["t", "t", "t", "t", "t", "t", "t", "t", "t", "t"]}