{"initial_reset_timestamp": 1559580988.7500365, "timestamps": [1559580991.2206717], "episode_lengths": [119], "episode_rewards": [-119.0], "episode_types": ["t", "t"]}