{"initial_reset_timestamp": 1559668802.2308495, "timestamps": [1559668811.4538376, 1559668837.0550344, 1559668843.670344, 1559668867.9781115, 1559668875.068294, 1559668897.9749382, 1559668905.8878891, 1559668930.6405618, 1559668955.5138552, 1559668973.1532283], "episode_lengths": [389, 1078, 289, 1050, 307, 998, 341, 1085, 1108, 765], "episode_rewards": [-31.97738914563284, 277.17128290191795, -62.02383223280371, 273.5900516513592, -56.33742467507085, 141.60576122217677, -42.058571863132826, 276.5403993248256, 274.61727035687636, 75.76031882955206], "episode_types": ["t", "t", "t", "t", "t", "t", "t", "t", "t", "t"]}