{"initial_reset_timestamp": 1559664847.3972192, "timestamps": [1559664859.0680826, 1559664868.199824, 1559664873.2986248, 1559664883.3427134, 1559664907.8676114, 1559664925.9927132, 1559664949.8533828, 1559664967.8957415, 1559664970.6999462, 1559664994.3662343], "episode_lengths": [494, 410, 224, 446, 1076, 818, 1071, 795, 120, 1046], "episode_rewards": [3.4694895355001876, -25.017147114680725, -72.96643721698287, -14.000301668556446, 276.9474826621871, 98.39651451506225, 276.39138157740655, 81.12268116548174, -100.48994977143965, 278.8949662159958], "episode_types": ["t", "t", "t", "t", "t", "t", "t", "t", "t", "t"]}