{"initial_reset_timestamp": 1559727024.341893, "timestamps": [1559727027.031931, 1559727029.3416517, 1559727031.8801024, 1559727034.1824577], "episode_lengths": [104, 100, 103, 104], "episode_rewards": [-110.62945919282765, -104.55206997086977, -110.09497244452669, -111.08880605612602], "episode_types": ["t", "t", "t", "t", "t"]}