{"initial_reset_timestamp": 1559745894.353341, "timestamps": [1559745920.2740607, 1559745938.9442244, 1559745964.6463802, 1559745978.9139454, 1559745984.7562156, 1559746008.9817884, 1559746016.0488172, 1559746029.0541456, 1559746037.7758923, 1559746062.0368924], "episode_lengths": [1098, 797, 1095, 608, 244, 1043, 289, 548, 364, 1041], "episode_rewards": [275.05935517555605, 96.79561448716149, 276.32835734962066, 18.150786375555015, -69.43084587358095, 162.88176769987558, -54.03357812174983, 7.889650178846594, -41.01695108130453, 141.89941467481574], "episode_types": ["t", "t", "t", "t", "t", "t", "t", "t", "t", "t"]}