{"initial_reset_timestamp": 1559244664.3846676, "timestamps": [1559244923.2037249, 1559245056.1023638, 1559245058.1519165, 1559245060.670266, 1559245062.7021909, 1559245064.835665, 1559245067.868518, 1559245070.9016306, 1559245074.6317194, 1559245077.6497054], "episode_lengths": [131, 122, 122, 151, 122, 128, 182, 182, 112, 180], "episode_rewards": [-131.0, -122.0, -122.0, -151.0, -122.0, -128.0, -182.0, -182.0, -112.0, -180.0], "episode_types": ["t", "t", "t", "t", "t", "t", "t", "t", "t", "t"]}