{"initial_reset_timestamp": 1559291522.284971, "timestamps": [1559291524.7379248, 1559291526.7674737, 1559291528.9353898, 1559291531.066171, 1559291533.1986692, 1559291535.4193938, 1559291538.514011, 1559291541.6132302, 1559291543.7791834, 1559291546.532226], "episode_lengths": [131, 117, 125, 123, 123, 127, 181, 182, 125, 159], "episode_rewards": [-131.0, -117.0, -125.0, -123.0, -123.0, -127.0, -181.0, -182.0, -125.0, -159.0], "episode_types": ["t", "t", "t", "t", "t", "t", "t", "t", "t", "t"]}