{"initial_reset_timestamp": 1559296417.3859396, "timestamps": [1559296419.7371325, 1559296421.903659, 1559296425.054906, 1559296427.25583, 1559296430.3365078, 1559296432.606335, 1559296435.8045473, 1559296437.9849384, 1559296440.1851935, 1559296442.685942], "episode_lengths": [125, 125, 184, 126, 180, 130, 188, 126, 127, 145], "episode_rewards": [-125.0, -125.0, -184.0, -126.0, -180.0, -130.0, -188.0, -126.0, -127.0, -145.0], "episode_types": ["t", "t", "t", "t", "t", "t", "t", "t", "t", "t"]}