{"initial_reset_timestamp": 1559394431.428751, "timestamps": [1559394433.822005, 1559394435.9217334, 1559394438.7543745, 1559394441.3376753, 1559394443.4041538, 1559394445.470029, 1559394447.6030774, 1559394449.7028337, 1559394451.7911017, 1559394454.518598], "episode_lengths": [123, 119, 164, 149, 117, 118, 123, 119, 118, 159], "episode_rewards": [-123.0, -119.0, -164.0, -149.0, -117.0, -118.0, -123.0, -119.0, -118.0, -159.0], "episode_types": ["t", "t", "t", "t", "t", "t", "t", "t", "t", "t"]}